name	phone	email	website
Leanne Graham	1-770-736-8031 x56442	Sincere@april.biz	hildegard.org
Ervin Howell	010-692-6593 x09125	Shanna@melissa.tv	anastasia.net
Clementine Bauch	1-463-123-4447	Nathan@yesenia.net	ramiro.info
Patricia Lebsack	493-170-9623 x156	Julianne.OConner@kory.org	kale.biz
Chelsey Dietrich	(254)954-1289	Lucio_Hettinger@annie.ca	demarco.info
Mrs. Dennis Schulist	1-477-935-8478 x6430	Karley_Dach@jasper.info	ola.org
Kurtis Weissnat	210.067.6132	Telly.Hoeger@billy.biz	elvis.io
Nicholas Runolfsdottir V	586.493.6943 x140	Sherwood@rosamond.me	jacynthe.com
Glenna Reichert	(775)976-6794 x41206	Chaim_McDermott@dana.io	conrad.com
Clementina DuBuque	024-648-3804	Rey.Padberg@karina.biz	ambrose.net
